1,A
2,ABILITY
3,ABLE
4,ABNORMAL
5,ABOVE
6,ABSENT
7,ABUNDANCE
8,ABUSE
9,ACCEPT
10,ACCIDENT
11,ACCOMPLISH
12,ACCOUNT
13,ACCUSE
14,ACHE
15,ACHIEVE
16,ACHIEVEMENT
17,ACID
18,ACQUIRE
19,ACT
20,ACTION
21,ACTIVE
22,ACTIVITY
23,ACTOR
24,AD
25,ADD
26,ADDICT
27,ADDICTION
28,ADDRESS
29,ADJECTIVE
30,ADMIRE
31,ADOLESCENT
32,ADULT
33,ADULTS
34,ADVENTURE
35,ADVERB
36,AEROBICS
37,AFFECTION
38,AFRAID
39,AFRICA
40,AFTER
41,AFTERNOON
42,AGAIN
43,AGAINST
44,AGE
45,AGGRAVATE
46,AGREE
47,AGREEMENT
48,AHEAD
49,AID
50,AIDS
51,AIM
52,AIR
53,AIR
54,AIRPLANE
55,AIRPORT
56,ALARM
57,ALBUM
58,ALCOHOL
59,ALERT
60,ALGAE
61,ALGEBRA
62,ALIKE
63,ALIVE
64,ALL
65,ALLEY
66,ALLOW
67,ALMOND
68,ALONE
69,ALPHABET
70,ALTERNATIVE
71,ALUMINUM
72,ALWAYS
73,AMATEUR
74,AMBITION
75,AMERICA
76,AMERICAN
77,AMOUNT
78,ANARCHY
79,ANATOMY
80,ANCIENT
81,ANGEL
82,ANGER
83,ANGLE
84,ANGRY
85,ANIMAL
86,ANIMALS
87,ANKLE
88,ANNOY
89,ANNOYING
90,ANSWER
91,ANT
92,ANXIETY
93,ANXIOUS
94,ANYTHING
95,APART
96,APARTMENT
97,APE
98,APPEAL
99,APPLE
100,APPLIANCE
101,APPROVAL
102,ARCHITECT
103,AREA
104,ARGUE
105,ARGUMENT
106,ARM
107,ARMS
108,ARMY
109,AROMA
110,AROUND
111,ARRIVE
112,ARROGANT
113,ARROW
114,ART
115,ARTICLE
116,ARTIST
117,ASIA
118,ASK
119,ASLEEP
120,ASPHALT
121,ASPIRIN
122,ASS
123,ASSAULT
124,ASSIGNMENT
125,ASSISTANT
126,ASTRONOMY
127,ATHLETE
128,ATHLETIC
129,ATLAS
130,ATMOSPHERE
131,ATOM
132,ATTACH
133,ATTACK
134,ATTENTION
135,ATTIC
136,ATTIRE
137,ATTITUDE
138,ATTRACTIVE
139,AUDIENCE
140,AUTHOR
141,AUTHORITY
142,AUTO
143,AUTUMN
144,AVENUE
145,AVERAGE
146,AWAKE
147,AWARD
148,AWARE
149,AWAY
150,AWESOME
151,AWFUL
152,BABY
153,BACK
154,BACKPACK
155,BACON
156,BACTERIA
157,BAD
158,BAG
159,BAGGAGE
160,BAKE
161,BAKED
162,BALANCE
163,BALL
164,BALLERINA
165,BALLET
166,BALLOON
167,BANANA
168,BAND
169,BANDAID
170,BANG
171,BANK
172,BAR
173,BARGAIN
174,BARK
175,BARN
176,BARREL
177,BARTER
178,BASE
179,BASEBALL
180,BASEMENT
181,BASIC
182,BASKET
183,BASKETBALL
184,BASS
185,BAT
186,BATH
187,BATHROOM
188,BATTERY
189,BATTLE
190,BE
191,BEACH
192,BEAM
193,BEAN
194,BEANS
195,BEAR
196,BEARD
197,BEAST
198,BEAT
199,BEAUTIFUL
200,BEAUTY
201,BECAUSE
202,BED
203,BEDROOM
204,BEEF
205,BEER
206,BEG
207,BEGIN
208,BEGINNER
209,BEGINNING
210,BEHAVIOR
211,BEHIND
212,BEING
213,BELIEF
214,BELIEVE
215,BELL
216,BELLY
217,BELONG
218,BELOW
219,BELT
220,BENCH
221,BEND
222,BENEATH
223,BERRY
224,BEST
225,BET
226,BETTER
227,BIBLE
228,BICYCLE
229,BIG
230,BIKE
231,BILL
232,BIOLOGY
233,BIRD
234,BIRTH
235,BIRTHDAY
236,BIT
237,BITE
238,BITTER
239,BLACK
240,BLACKBERRY
241,BLADE
242,BLAME
243,BLANK
244,BLANKET
245,BLAST
246,BLEACH
247,BLIND
248,BLOCK
249,BLOCKS
250,BLONDE
251,BLOOD
252,BLOOM
253,BLOSSOM
254,BLOUSE
255,BLOW
256,BLUE
257,BLUEBERRY
258,BLUES
259,BLUNT
260,BLUR
261,BOARD
262,BOAT
263,BODY
264,BOIL
265,BOILED
266,BOLD
267,BOLT
268,BOMB
269,BOND
270,BONE
271,BONUS
272,BOOK
273,BOOM
274,BOOT
275,BOOTH
276,BOOTS
277,BOOZE
278,BORDER
279,BORED
280,BORING
281,BORROW
282,BOSS
283,BOTHER
284,BOTTLE
285,BOTTOM
286,BOUNCE
287,BOUND
288,BOW
289,BOWL
290,BOX
291,BOXER
292,BOY
293,BOYFRIEND
294,BOYS
295,BRA
296,BRACELET
297,BRAIN
298,BRAN
299,BRANCH
300,BRASS
301,BRAT
302,BRAVE
303,BREAD
304,BREAK
305,BREAKABLE
306,BREAKFAST
307,BREAST
308,BREATH
309,BREATHE
310,BREEZE
311,BRICK
312,BRIDGE
313,BRIGHT
314,BRILLIANT
315,BRING
316,BROAD
317,BROIL
318,BROKEN
319,BRONZE
320,BROTHER
321,BROWN
322,BRUISE
323,BRUSH
324,BUBBLE
325,BUCKET
326,BUD
327,BUG
328,BUILD
329,BUILDER
330,BUILDING
331,BULB
332,BULL
333,BULLET
334,BUM
335,BUMP
336,BUMPY
337,BUN
338,BUNCH
339,BUNNY
340,BURIAL
341,BURN
342,BURNT
343,BURST
344,BURY
345,BUS
346,BUSH
347,BUSINESS
348,BUSY
349,BUTT
350,BUTTER
351,BUTTON
352,BUY
353,CABIN
354,CABINET
355,CABLE
356,CAFFEINE
357,CAGE
358,CAKE
359,CALCULATOR
360,CALCULUS
361,CALENDAR
362,CALF
363,CALIFORNIA
364,CALL
365,CALM
366,CALORIES
367,CAMERA
368,CAMP
369,CAMPAIGN
370,CAN
371,CANCER
372,CANDIDATE
373,CANDLE
374,CANDY
375,CANE
376,CANOE
377,CANVAS
378,CAP
379,CAPACITY
380,CAPTAIN
381,CAPTIVE
382,CAPTURE
383,CAR
384,CARBON
385,CARD
386,CARDS
387,CARE
388,CAREER
389,CAREFUL
390,CARESS
391,CARING
392,CARNIVAL
393,CARPENTER
394,CARPET
395,CARRIAGE
396,CARROT
397,CARRY
398,CART
399,CASE
400,CASH
401,CASHEW
402,CASKET
403,CASTLE
404,CASUAL
405,CAT
406,CATCH
407,CATHOLIC
408,CATTLE
409,CAUSE
410,CAUTION
411,CAVE
412,CAVITY
413,CEILING
414,CELEBRATION
415,CELL
416,CELLAR
417,CEMENT
418,CEMETERY
419,CENTER
420,CENTS
421,CERAMIC
422,CEREAL
423,CERTAIN
424,CHAIN
425,CHAIR
426,CHALK
427,CHAMPION
428,CHANCE
429,CHANGE
430,CHANNEL
431,CHAOS
432,CHAPTER
433,CHARACTER
434,CHARGE
435,CHARITY
436,CHARM
437,CHEAP
438,CHEAT
439,CHECK
440,CHEER
441,CHEERLEADER
442,CHEESE
443,CHEMICAL
444,CHEMISTRY
445,CHERRY
446,CHEST
447,CHEW
448,CHICKEN
449,CHIEF
450,CHILD
451,CHILDREN
452,CHILI
453,CHIMPANZEE
454,CHINA
455,CHINESE
456,CHIP
457,CHIPS
458,CHOCOLATE
459,CHOICE
460,CHOKE
461,CHOOSE
462,CHOP
463,CHRIST
464,CHRISTIAN
465,CHRISTMAS
466,CHURCH
467,CIGAR
468,CIGARETTE
469,CINEMA
470,CIRCLE
471,CIRCUS
472,CITY
473,CLAIM
474,CLAM
475,CLARIFY
476,CLARINET
477,CLASS
478,CLAW
479,CLAY
480,CLEAN
481,CLEANER
482,CLEAR
483,CLERK
484,CLIFF
485,CLIMATE
486,CLIMB
487,CLOCK
488,CLOSE
489,CLOSET
490,CLOTH
491,CLOTHES
492,CLOUD
493,CLOWN
494,CLUB
495,COACH
496,COAST
497,COAT
498,COCAINE
499,COCKY
500,CODE
501,COFFEE
502,COFFIN
503,COIN
504,COKE
505,COLD
506,COLLAR
507,COLLECT
508,COLLEGE
509,COLONEL
510,COLOR
511,COLUMN
512,COMBINE
513,COME
514,COMEDIAN
515,COMEDY
516,COMFORT
517,COMFORTABLE
518,COMMAND
519,COMMANDER
520,COMMENT
521,COMMERCIAL
522,COMMON
523,COMMUNICATE
524,COMMUNICATION
525,COMMUNIST
526,COMPANION
527,COMPANY
528,COMPASSION
529,COMPETE
530,COMPETITION
531,COMPLETE
532,COMPLEX
533,COMPLIMENT
534,COMPREHEND
535,COMPUTER
536,CON
537,CONCEITED
538,CONCENTRATE
539,CONCERN
540,CONCERT
541,CONCLUDE
542,CONCLUSION
543,CONCRETE
544,CONDITION
545,CONFIDENCE
546,CONFIDENT
547,CONFLICT
548,CONFUSE
549,CONFUSION
550,CONNECT
551,CONQUER
552,CONSCIOUS
553,CONSTRUCT
554,CONSTRUCTION
555,CONTACT
556,CONTAINER
557,CONTENT
558,CONTEST
559,CONTINENT
560,CONTRACT
561,CONTROL
562,CONVERSATION
563,CONVICT
564,COOK
565,COOKED
566,COOKIE
567,COOL
568,COP
569,COPPER
570,COPY
571,CORD
572,CORN
573,CORNER
574,CORPORATION
575,CORPSE
576,CORRECT
577,CORRUPT
578,COST
579,COTTON
580,COUCH
581,COUGH
582,COUNT
583,COUNTER
584,COUNTRY
585,COUPLE
586,COURAGE
587,COURT
588,COUSIN
589,COVER
590,COW
591,COWARD
592,COWBOY
593,COZY
594,CRAB
595,CRACK
596,CRACKER
597,CRACKERS
598,CRAFT
599,CRASH
600,CRAWL
601,CRAYON
602,CRAZY
603,CREAM
604,CREATE
605,CREATIVE
606,CREATOR
607,CREDIT
608,CRIME
609,CRIMINAL
610,CRISP
611,CRITICIZE
612,CROOK
613,CROOKED
614,CROSS
615,CROWD
616,CROWN
617,CRUEL
618,CRUISE
619,CRUNCHY
620,CRY
621,CUBE
622,CUDDLE
623,CULTURE
624,CUP
625,CURE
626,CURRENT
627,CURTAIN
628,CURVE
629,CUSHION
630,CUT
631,CUTE
632,DAD
633,DAILY
634,DAIRY
635,DAISY
636,DAMAGE
637,DAMP
638,DANCE
639,DANCER
640,DANGER
641,DANGEROUS
642,DARK
643,DATA
644,DATE
645,DAUGHTER
646,DAWN
647,DAY
648,DAYS
649,DEAD
650,DEADLY
651,DEAF
652,DEAL
653,DEATH
654,DEBATE
655,DECAY
656,DECEIVE
657,DECEPTION
658,DECIDE
659,DECISION
660,DECK
661,DEEP
662,DEFEAT
663,DEFEND
664,DEFINE
665,DEFINITION
666,DEGRADE
667,DEGREE
668,DELICATE
669,DELIVER
670,DEMAND
671,DEMOCRACY
672,DEMOCRAT
673,DENSE
674,DENTIST
675,DENY
676,DEODORANT
677,DEPARTMENT
678,DEPRESSED
679,DEPTH
680,DESCRIBE
681,DESERT
682,DESIGN
683,DESIGNER
684,DESIRE
685,DESK
686,DESSERT
687,DESTROY
688,DESTRUCTION
689,DETAIL
690,DETERGENT
691,DETERMINE
692,DEVIL
693,DEW
694,DIAL
695,DIAMOND
696,DIAPER
697,DIARY
698,DICE
699,DICTATOR
700,DICTIONARY
701,DIE
702,DIET
703,DIFFERENT
704,DIFFICULT
705,DIG
706,DIME
707,DINNER
708,DIP
709,DIRECT
710,DIRECTION
711,DIRECTIONS
712,DIRT
713,DIRTY
714,DISAGREE
715,DISALLOW
716,DISASTER
717,DISBELIEF
718,DISC
719,DISCIPLINE
720,DISCOVER
721,DISCUSS
722,DISCUSSION
723,DISEASE
724,DISGUSTING
725,DISH
726,DISHES
727,DISHONEST
728,DISLIKE
729,DISORDER
730,DISTANCE
731,DISTANT
732,DISTURB
733,DIVE
734,DIVIDE
735,DIVORCE
736,DO
737,DOCTOR
738,DOCUMENT
739,DOG
740,DOLL
741,DOLLAR
742,DOLLARS
743,DOLPHIN
744,DONE
745,DONKEY
746,DOOR
747,DOPE
748,DORM
749,DOT
750,DOUBLE
751,DOUBT
752,DOUGH
753,DOUGHNUT
754,DOVE
755,DOWN
756,DRACULA
757,DRAIN
758,DRAMA
759,DRAW
760,DRAWER
761,DRAWING
762,DREAM
763,DRESS
764,DRESSING
765,DRILL
766,DRINK
767,DRIP
768,DRIVE
769,DRIVER
770,DRIVEWAY
771,DROP
772,DROWN
773,DRUG
774,DRUGS
775,DRUM
776,DRUNK
777,DRY
778,DRYER
779,DUCK
780,DUE
781,DULL
782,DUMB
783,DUMP
784,DUST
785,DUTY
786,DWARF
787,DYNAMITE
788,EAGLE
789,EAR
790,EARLY
791,EARN
792,EARRING
793,EARS
794,EARTH
795,EARTHQUAKE
796,EASE
797,EAST
798,EASTER
799,EASY
800,EAT
801,EDGE
802,EDITOR
803,EDUCATION
804,EFFECT
805,EFFORT
806,EGG
807,EGGS
808,EGO
809,EGYPT
810,EIGHT
811,ELABORATE
812,ELBOW
813,ELDERLY
814,ELECTION
815,ELECTRIC
816,ELECTRICITY
817,ELECTRON
818,ELEGANT
819,ELEMENT
820,ELEPHANT
821,ELEVATOR
822,ELF
823,EMBARRASS
824,EMOTION
825,EMPIRE
826,EMPLOYEE
827,EMPLOYER
828,EMPTY
829,END
830,ENEMY
831,ENERGETIC
832,ENERGY
833,ENGINE
834,ENGLAND
835,ENGLISH
836,ENJOY
837,ENOUGH
838,ENTER
839,ENTERTAINMENT
840,ENTRANCE
841,ENVELOPE
842,ENVIRONMENT
843,EQUAL
844,EQUATION
845,ERASER
846,ERROR
847,ESCAPE
848,ESSAY
849,ESTIMATE
850,ETERNAL
851,ETERNITY
852,ETIQUETTE
853,EUROPE
854,EVALUATE
855,EVEN
856,EVENING
857,EVENT
858,EVER
859,EVERYDAY
860,EVERYTHING
861,EVIL
862,EXACT
863,EXAM
864,EXCELLENT
865,EXCEPTIONAL
866,EXCHANGE
867,EXCITED
868,EXCITEMENT
869,EXCITING
870,EXCUSE
871,EXECUTIVE
872,EXERCISE
873,EXIST
874,EXIT
875,EXPENSIVE
876,EXPERIMENT
877,EXPERT
878,EXPLAIN
879,EXPLODE
880,EXPLOSION
881,EXPRESSION
882,EXTENSION
883,EXTINCT
884,EXTRA
885,EXTRAVAGANT
886,EYE
887,EYES
888,FABRIC
889,FACE
890,FACT
891,FACTORY
892,FAIL
893,FAILURE
894,FAIR
895,FAIRY
896,FAITH
897,FAKE
898,FALL
899,FALSE
900,FAME
901,FAMILY
902,FAMISHED
903,FAMOUS
904,FANCY
905,FANTASTIC
906,FANTASY
907,FAR
908,FARM
909,FASHION
910,FAST
911,FAT
912,FATHER
913,FATTENING
914,FAUCET
915,FAULT
916,FEAR
917,FEATHER
918,FEE
919,FEEL
920,FEELING
921,FEELINGS
922,FEET
923,FEMALE
924,FENCE
925,FESTIVAL
926,FEVER
927,FEW
928,FIBER
929,FICTION
930,FIELD
931,FIGHT
932,FIGHTER
933,FIGURE
934,FILE
935,FILL
936,FILM
937,FIN
938,FINAL
939,FIND
940,FINE
941,FINGER
942,FINGERS
943,FINISH
944,FIRE
945,FIREPLACE
946,FIRM
947,FIRST
948,FISH
949,FISHING
950,FIST
951,FIT
952,FITNESS
953,FIVE
954,FIX
955,FLAG
956,FLAKE
957,FLAME
958,FLASH
959,FLAT
960,FLAVOR
961,FLEA
962,FLEXIBLE
963,FLIGHT
964,FLOAT
965,FLOOR
966,FLORIDA
967,FLOUR
968,FLOW
969,FLOWER
970,FLOWERS
971,FLU
972,FLUFFY
973,FLUID
974,FLUNK
975,FLUTE
976,FLY
977,FOCUS
978,FOG
979,FOLD
980,FOLDER
981,FOLLOW
982,FOND
983,FOOD
984,FOOL
985,FOOT
986,FOOTBALL
987,FOR
988,FORBID
989,FORCE
990,FOREIGN
991,FOREST
992,FOREVER
993,FORGET
994,FORGIVE
995,FORK
996,FORM
997,FORMAL
998,FORMULA
999,FORTUNE
1000,FORWARD
